Story ID,Epic,Title,Acceptance Criteria Count,Black-box Scenario Count,File
FP-001,A,Load the public app,4,4,01_epic_A_public_app_shell_and_map_foundation.md
FP-002,A,Show default Norway station map,5,5,01_epic_A_public_app_shell_and_map_foundation.md
FP-003,A,Use station-first map behavior,3,3,01_epic_A_public_app_shell_and_map_foundation.md
FP-004,A,Zoom from clusters to stations,4,3,01_epic_A_public_app_shell_and_map_foundation.md
FP-005,A,Pan and zoom smoothly,3,3,01_epic_A_public_app_shell_and_map_foundation.md
FP-006,A,Display selected station marker,5,5,01_epic_A_public_app_shell_and_map_foundation.md
FP-007,A,Show contextual update health,2,3,01_epic_A_public_app_shell_and_map_foundation.md
FP-008,A,Preserve map usability during errors,3,3,01_epic_A_public_app_shell_and_map_foundation.md
FP-009,B,Open search,3,3,02_epic_B_search_and_discovery.md
FP-010,B,Search for Førde,3,3,02_epic_B_search_and_discovery.md
FP-011,B,Search no results,2,3,02_epic_B_search_and_discovery.md
FP-012,B,Navigate search results by keyboard,3,3,02_epic_B_search_and_discovery.md
FP-013,B,Open station from search,4,3,02_epic_B_search_and_discovery.md
FP-014,B,Open route or line from search,2,3,02_epic_B_search_and_discovery.md
FP-015,C,Open station panel,1,3,03_epic_C_station_details_and_departure_boards.md
FP-016,C,Register station watch,3,3,03_epic_C_station_details_and_departure_boards.md
FP-017,C,Show station loading state,1,3,03_epic_C_station_details_and_departure_boards.md
FP-018,C,Show fresh departures,2,3,03_epic_C_station_details_and_departure_boards.md
FP-019,C,Show empty departure state,2,3,03_epic_C_station_details_and_departure_boards.md
FP-020,C,Show stale station data,3,3,03_epic_C_station_details_and_departure_boards.md
FP-021,C,Show station error state,2,3,03_epic_C_station_details_and_departure_boards.md
FP-022,C,Retry station request,3,3,03_epic_C_station_details_and_departure_boards.md
FP-023,C,Show station-serving and nearby vehicles,2,3,03_epic_C_station_details_and_departure_boards.md
FP-024,C,Show empty station-vehicle states,4,4,03_epic_C_station_details_and_departure_boards.md
FP-025,C,Keep station data fresh while watched,3,3,03_epic_C_station_details_and_departure_boards.md
FP-026,D,Select a station vehicle,3,4,04_epic_D_vehicle_details_and_focus_mode.md
FP-027,D,Show selected vehicle details,1,3,04_epic_D_vehicle_details_and_focus_mode.md
FP-028,D,Show recent vehicle trail,3,3,04_epic_D_vehicle_details_and_focus_mode.md
FP-029,D,Start Focus mode,3,3,04_epic_D_vehicle_details_and_focus_mode.md
FP-030,D,Follow vehicle movement,2,3,04_epic_D_vehicle_details_and_focus_mode.md
FP-031,D,Show Focus mode pill,1,3,04_epic_D_vehicle_details_and_focus_mode.md
FP-032,D,Pause Focus when user moves map,2,3,04_epic_D_vehicle_details_and_focus_mode.md
FP-033,D,Resume Focus mode,1,3,04_epic_D_vehicle_details_and_focus_mode.md
FP-034,D,Unfocus vehicle,3,3,04_epic_D_vehicle_details_and_focus_mode.md
FP-035,D,Show stale vehicle state,4,3,04_epic_D_vehicle_details_and_focus_mode.md
FP-036,D,Refresh stale vehicle position,2,3,04_epic_D_vehicle_details_and_focus_mode.md
FP-037,D,Stop watching stale vehicle,1,3,04_epic_D_vehicle_details_and_focus_mode.md
FP-038,D,Show lost vehicle state,1,3,04_epic_D_vehicle_details_and_focus_mode.md
FP-039,D,Try again for lost vehicle,1,3,04_epic_D_vehicle_details_and_focus_mode.md
FP-040,E,Connect browser WebSocket,2,3,05_epic_E_realtime_transport_and_message_protocol.md
FP-041,E,Use backend-only Entur communication,2,3,05_epic_E_realtime_transport_and_message_protocol.md
FP-042,E,Define typed WebSocket message protocol,3,3,05_epic_E_realtime_transport_and_message_protocol.md
FP-043,E,Watch station over WebSocket,1,3,05_epic_E_realtime_transport_and_message_protocol.md
FP-044,E,Watch vehicle over WebSocket,1,3,05_epic_E_realtime_transport_and_message_protocol.md
FP-045,E,Focus vehicle over WebSocket,1,3,05_epic_E_realtime_transport_and_message_protocol.md
FP-046,E,Broadcast events to rooms,3,3,05_epic_E_realtime_transport_and_message_protocol.md
FP-047,E,Reconnect realtime connection,5,3,05_epic_E_realtime_transport_and_message_protocol.md
FP-048,E,Fallback to periodic refresh,6,3,05_epic_E_realtime_transport_and_message_protocol.md
FP-049,F,Configure Entur client identity,3,3,06_epic_F_entur_integration_and_data_freshness.md
FP-050,F,Fetch station departures,6,4,06_epic_F_entur_integration_and_data_freshness.md
FP-051,F,Fetch station-serving and nearby vehicles,2,3,06_epic_F_entur_integration_and_data_freshness.md
FP-052,F,Refresh focused vehicle,2,3,06_epic_F_entur_integration_and_data_freshness.md
FP-053,F,Apply global Entur rate limits,3,3,06_epic_F_entur_integration_and_data_freshness.md
FP-054,F,Handle Entur 429/backoff,4,3,06_epic_F_entur_integration_and_data_freshness.md
FP-055,F,"Distinguish fresh, stale, empty, unavailable",2,3,06_epic_F_entur_integration_and_data_freshness.md
FP-056,F,Do not fake transport data,3,3,06_epic_F_entur_integration_and_data_freshness.md
FP-057,G,Run SurrealDB in production,3,3,07_epic_G_surrealdb_persistence_and_migrations.md
FP-058,G,Apply database migrations,3,3,07_epic_G_surrealdb_persistence_and_migrations.md
FP-059,G,Define core tables,1,3,07_epic_G_surrealdb_persistence_and_migrations.md
FP-060,G,Store station data,2,3,07_epic_G_surrealdb_persistence_and_migrations.md
FP-061,G,Store current vehicle state,1,3,07_epic_G_surrealdb_persistence_and_migrations.md
FP-062,G,Store recent vehicle observations,2,3,07_epic_G_surrealdb_persistence_and_migrations.md
FP-063,G,Store realtime events,3,3,07_epic_G_surrealdb_persistence_and_migrations.md
FP-064,H,Admin authentication,3,3,08_epic_H_admin_and_observability.md
FP-065,H,System status page,1,3,08_epic_H_admin_and_observability.md
FP-066,H,Active watches page,1,3,08_epic_H_admin_and_observability.md
FP-067,H,Entur request log page,2,3,08_epic_H_admin_and_observability.md
FP-068,H,Realtime diagnostics,1,3,08_epic_H_admin_and_observability.md
FP-069,H,Health endpoint,2,3,08_epic_H_admin_and_observability.md
FP-070,H,Structured logs,3,3,08_epic_H_admin_and_observability.md
FP-071,I,Implement generated desktop visual states,2,4,09_epic_I_frontend_visual_states_and_responsiveness.md
FP-072,I,Implement mobile default map,2,4,09_epic_I_frontend_visual_states_and_responsiveness.md
FP-073,I,Implement mobile station bottom sheet,1,3,09_epic_I_frontend_visual_states_and_responsiveness.md
FP-074,I,Implement mobile station full sheet,1,3,09_epic_I_frontend_visual_states_and_responsiveness.md
FP-075,I,Implement mobile vehicle Focus mode,1,3,09_epic_I_frontend_visual_states_and_responsiveness.md
FP-076,I,Implement mobile vehicle lost state,1,3,09_epic_I_frontend_visual_states_and_responsiveness.md
FP-077,I,Implement design system components,1,3,09_epic_I_frontend_visual_states_and_responsiveness.md
FP-078,J,Keep secrets server-side,3,3,10_epic_J_security_abuse_prevention_and_privacy.md
FP-079,J,Validate HTTP requests,2,3,10_epic_J_security_abuse_prevention_and_privacy.md
FP-080,J,Validate WebSocket messages,1,3,10_epic_J_security_abuse_prevention_and_privacy.md
FP-081,J,Rate-limit public users,2,3,10_epic_J_security_abuse_prevention_and_privacy.md
FP-082,J,Protect admin pages,1,3,10_epic_J_security_abuse_prevention_and_privacy.md
FP-083,J,Minimize personal data,4,3,10_epic_J_security_abuse_prevention_and_privacy.md
FP-084,J,Handle CORS and origins correctly,2,3,10_epic_J_security_abuse_prevention_and_privacy.md
FP-085,K,Deploy on Hetzner CX33 with Coolify,4,3,11_epic_K_deployment_and_operations.md
FP-086,K,Configure domain,4,3,11_epic_K_deployment_and_operations.md
FP-087,K,Run FrankenPHP HTTP app,4,3,11_epic_K_deployment_and_operations.md
FP-088,K,Run AMPHP realtime process,3,3,11_epic_K_deployment_and_operations.md
FP-089,K,Run SurrealDB with persistence,3,3,11_epic_K_deployment_and_operations.md
FP-090,K,Provide environment configuration,3,3,11_epic_K_deployment_and_operations.md
FP-091,K,Support zero/manual rollback,2,3,11_epic_K_deployment_and_operations.md
FP-092,K,Scheduled maintenance,2,3,11_epic_K_deployment_and_operations.md
FP-093,L,Static analysis passes,1,3,12_epic_L_testing_and_quality.md
FP-094,L,Unit-test Entur mappers,1,3,12_epic_L_testing_and_quality.md
FP-095,L,Unit-test realtime message validation,1,3,12_epic_L_testing_and_quality.md
FP-096,L,Integration-test watch lifecycle,1,3,12_epic_L_testing_and_quality.md
FP-097,L,Resilience-test backend and Entur recovery,4,3,12_epic_L_testing_and_quality.md
FP-098,L,Visual-test core desktop states,1,3,12_epic_L_testing_and_quality.md
FP-099,L,Visual-test mobile states,1,3,12_epic_L_testing_and_quality.md
FP-100,L,Accessibility baseline,5,3,12_epic_L_testing_and_quality.md
FP-101,L,Performance baseline,4,3,12_epic_L_testing_and_quality.md
FP-102,L,Production smoke test,1,3,12_epic_L_testing_and_quality.md
FP-103,M,Architecture documentation,1,3,13_epic_M_documentation_and_handoff.md
FP-104,M,Local development documentation,1,3,13_epic_M_documentation_and_handoff.md
FP-105,M,Deployment documentation,1,3,13_epic_M_documentation_and_handoff.md
FP-106,M,Entur usage documentation,1,3,13_epic_M_documentation_and_handoff.md
FP-107,M,UI state documentation,1,3,13_epic_M_documentation_and_handoff.md
FP-108,M,Production readiness checklist,1,3,13_epic_M_documentation_and_handoff.md
